%,Percent [Most Common Healthcare Units],PH_UnitsOfMeasure_UCUM_Expression,,7/1/2004,%,Active,Most Common Healthcare Units,12/8/2005,Percent,1,1
/uL,PerMicroLiter [Most Common Healthcare Units],PH_UnitsOfMeasure_UCUM_Expression,,7/1/2004,/uL,Active,Most Common Healthcare Units,12/8/2005,PerMicroLiter,L-3,2
[iU]/L,InternationalUnitsPerLiter [Most Common Healthcare Units],PH_UnitsOfMeasure_UCUM_Expression,,7/1/2004,IU/L,Active,Most Common Healthcare Units,12/8/2005,InternationalUnitsPerLiter,L-3[arb],3
10*3/uL,ThousandsPerMicroLiter [Most Common Healthcare Units],PH_UnitsOfMeasure_UCUM_Expression,,7/1/2004,"K/uL, x10^3/mm^3",Active,Most Common Healthcare Units,12/8/2005,ThousandsPerMicroLiter,L-3,4
10*6/uL,MillionsPerMicroLiter [Most Common Healthcare Units],PH_UnitsOfMeasure_UCUM_Expression,,7/1/2004,"M/uL, x10^6/mm^3",Active,Most Common Healthcare Units,12/8/2005,MillionsPerMicroLiter,L-3,5
fL,FemtoLiter [Most Common Healthcare Units],PH_UnitsOfMeasure_UCUM_Expression,,7/1/2004,fL,Active,Most Common Healthcare Units,12/8/2005,FemtoLiter,L-3,6
g/dL,GramsPerDeciLiter [Most Common Healthcare Units],PH_UnitsOfMeasure_UCUM_Expression,,7/1/2004,g/dL,Active,Most Common Healthcare Units,12/8/2005,GramsPerDeciLiter,L-3M,7
g/L,GramsPerLiter [Most Common Healthcare Units],PH_UnitsOfMeasure_UCUM_Expression,,7/1/2004,g/L,Active,Most Common Healthcare Units,12/8/2005,GramsPerLiter,L-3M,8
g/mL,GramsPerMilliLiter [Most Common Healthcare Units],PH_UnitsOfMeasure_UCUM_Expression,,7/1/2004,g/mL,Active,Most Common Healthcare Units,12/8/2005,GramsPerMilliLiter,L-3M,9
kPa,KiloPascal [Most Common Healthcare Units],PH_UnitsOfMeasure_UCUM_Expression,,7/1/2004,kPa,Active,Most Common Healthcare Units,12/8/2005,KiloPascal,L-1MT-2,10
m[iU]/mL,MilliInternationalUnitsPerMilliLiter [Most Common Healthcare Units],PH_UnitsOfMeasure_UCUM_Expression,,7/1/2004,mIU/mL,Active,Most Common Healthcare Units,12/8/2005,MilliInternationalUnitsPerMilliLiter,L-3[arb],11
meq/L,MilliEquivalentsPerLiter [Most Common Healthcare Units],PH_UnitsOfMeasure_UCUM_Expression,,7/1/2004,mEq/L,Active,Most Common Healthcare Units,12/8/2005,MilliEquivalentsPerLiter,L-3N,12
mg/dL,MilliGramsPerDeciLiter [Most Common Healthcare Units],PH_UnitsOfMeasure_UCUM_Expression,,7/1/2004,mg/dL,Active,Most Common Healthcare Units,12/8/2005,MilliGramsPerDeciLiter,L-3M,13
mm[Hg],MilliMetersOfMercury [Most Common Healthcare Units],PH_UnitsOfMeasure_UCUM_Expression,,7/1/2004,mm Hg,Active,Most Common Healthcare Units,12/8/2005,MilliMetersOfMercury,L-1MT-2,14
mmol/kg,MilliMolesPerKiloGram [Most Common Healthcare Units],PH_UnitsOfMeasure_UCUM_Expression,,7/1/2004,mmol/kg,Active,Most Common Healthcare Units,12/8/2005,MilliMolesPerKiloGram,M-1N,15
mmol/L,MilliMolesPerLiter [Most Common Healthcare Units],PH_UnitsOfMeasure_UCUM_Expression,,7/1/2004,mmol/L,Active,Most Common Healthcare Units,12/8/2005,MilliMolesPerLiter,L-3N,16
mosm/kg,MilliOsmolesPerKiloGram [Most Common Healthcare Units],PH_UnitsOfMeasure_UCUM_Expression,,7/1/2004,mOsm/kg,Active,Most Common Healthcare Units,12/8/2005,MilliOsmolesPerKiloGram,M-1N,17
ng/mL,NanoGramsPerMilliLiter [Most Common Healthcare Units],PH_UnitsOfMeasure_UCUM_Expression,,7/1/2004,ng/mL,Active,Most Common Healthcare Units,12/8/2005,NanoGramsPerMilliLiter,L-3M,18
nmol/L,NanoMolesPerLiter [Most Common Healthcare Units],PH_UnitsOfMeasure_UCUM_Expression,,7/1/2004,nmol/L,Active,Most Common Healthcare Units,12/8/2005,NanoMolesPerLiter,L-3N,19
pg,PicoGrams [Most Common Healthcare Units],PH_UnitsOfMeasure_UCUM_Expression,,7/1/2004,pg,Active,Most Common Healthcare Units,12/8/2005,PicoGrams,M,20
pg/mL,PicoGramsPerMilliLiter [Most Common Healthcare Units],PH_UnitsOfMeasure_UCUM_Expression,,7/1/2004,pg/mL,Active,Most Common Healthcare Units,12/8/2005,PicoGramsPerMilliLiter,L-3M,21
pmol/L,PicoMolesPerLiter [Most Common Healthcare Units],PH_UnitsOfMeasure_UCUM_Expression,,7/1/2004,pmol/L,Active,Most Common Healthcare Units,12/8/2005,PicoMolesPerLiter,L-3N,22
U/L,UnitsPerLiter [Most Common Healthcare Units],PH_UnitsOfMeasure_UCUM_Expression,,7/1/2004,U/L,Active,Most Common Healthcare Units,12/8/2005,UnitsPerLiter,L-3[arb],23
u[iU]/mL,MicroInternationalUnitsPerMilliLiter [Most Common Healthcare Units],PH_UnitsOfMeasure_UCUM_Expression,,7/1/2004,uIU/mL,Active,Most Common Healthcare Units,12/8/2005,MicroInternationalUnitsPerMilliLiter,L-3[arb],24
ug/dL,MicroGramsPerDeciLiter [Most Common Healthcare Units],PH_UnitsOfMeasure_UCUM_Expression,,7/1/2004,ug/dL,Active,Most Common Healthcare Units,12/8/2005,MicroGramsPerDeciLiter,L-3M,25
ug/L,MicroGramsPerLiter [Most Common Healthcare Units],PH_UnitsOfMeasure_UCUM_Expression,,7/1/2004,ug/L,Active,Most Common Healthcare Units,12/8/2005,MicroGramsPerLiter,L-3M,26
ug/mL,MicroGramsPerMilliLiter [Most Common Healthcare Units],PH_UnitsOfMeasure_UCUM_Expression,,7/1/2004,ug/mL,Active,Most Common Healthcare Units,12/8/2005,MicroGramsPerMilliLiter,L-3M,27
umol/L,MicroMolesPerLiter [Most Common Healthcare Units],PH_UnitsOfMeasure_UCUM_Expression,,7/1/2004,umol/L,Active,Most Common Healthcare Units,12/8/2005,MicroMolesPerLiter,L-3N,28
[lg],Log10 [Unity],PH_UnitsOfMeasure_UCUM_Expression,,7/1/2004,log 10,Active,Unity,8/24/2005,Log10,1,29
10*6/{Specimen},MillionPerSpecimen [Unity],PH_UnitsOfMeasure_UCUM_Expression,,7/1/2004,x10^6/spec,Active,Unity,8/24/2005,MillionPerSpecimen,1,30
/{tot},PerTotalCount [Unity],PH_UnitsOfMeasure_UCUM_Expression,,7/1/2004,/Total,Active,Unity,8/24/2005,PerTotalCount,1,31
10*3,Thousand [Unity],PH_UnitsOfMeasure_UCUM_Expression,,7/1/2004,x10^3,Active,Unity,8/24/2005,Thousand,1,32
10*3.{RBC},ThousandRedBloodCells [Unity],PH_UnitsOfMeasure_UCUM_Expression,,7/1/2004,x10^3 RBCs,Active,Unity,8/24/2005,ThousandRedBloodCells,1,33
10*5,OneHundredThousand [Unity],PH_UnitsOfMeasure_UCUM_Expression,,7/1/2004,x10^5,Active,Unity,8/24/2005,OneHundredThousand,1,34
10*6,Million [Unity],PH_UnitsOfMeasure_UCUM_Expression,,7/1/2004,x10^6,Active,Unity,8/24/2005,Million,1,35
10*8,TenToEighth [Unity],PH_UnitsOfMeasure_UCUM_Expression,,7/1/2004,x10^8,Active,Unity,8/24/2005,TenToEighth,1,36
%,Percent [General Fraction Unit],PH_UnitsOfMeasure_UCUM_Expression,,7/1/2004,%,Active,General Fraction Unit,8/24/2005,Percent,1,37
{Relative}%,RelativePercent [General Fraction Unit],PH_UnitsOfMeasure_UCUM_Expression,,7/1/2004,Relative %,Active,General Fraction Unit,8/24/2005,RelativePercent,1,38
%{Total},PercentTotal [General Fraction Unit],PH_UnitsOfMeasure_UCUM_Expression,,7/1/2004,% of Total,Active,General Fraction Unit,8/24/2005,PercentTotal,1,39
%{0to3Hours},Percent0to3Hours [General Fraction Unit],PH_UnitsOfMeasure_UCUM_Expression,,7/1/2004,% 0-3 h,Active,General Fraction Unit,8/24/2005,Percent0to3Hours,1,40
/10*10,PerTenGiga [Number Fraction Units],PH_UnitsOfMeasure_UCUM_Expression,,7/1/2004,/10^10,Active,Number Fraction Units,8/24/2005,PerTenGiga,1,41
/10*6,PerMillion [Number Fraction Units],PH_UnitsOfMeasure_UCUM_Expression,,7/1/2004,/10^6,Active,Number Fraction Units,8/24/2005,PerMillion,1,42
/10*9,PerBillion [Number Fraction Units],PH_UnitsOfMeasure_UCUM_Expression,,7/1/2004,/10^9,Active,Number Fraction Units,8/24/2005,PerBillion,1,43
/10*12,PerTrillion [Number Fraction Units],PH_UnitsOfMeasure_UCUM_Expression,,7/1/2004,/10^12,Active,Number Fraction Units,8/24/2005,PerTrillion,1,44
%{Normal},PercentNormal [Number Fraction Units],PH_UnitsOfMeasure_UCUM_Expression,,7/1/2004,% Normal,Active,Number Fraction Units,8/24/2005,PercentNormal,1,45
%{SpermMotility},PercentSpermMotility [Number Fraction Units],PH_UnitsOfMeasure_UCUM_Expression,,7/1/2004,% Sperm Motility,Active,Number Fraction Units,8/24/2005,PercentSpermMotility,1,46
%{Positive},PercentPositive [Number Fraction Units],PH_UnitsOfMeasure_UCUM_Expression,,7/1/2004,% Positive,Active,Number Fraction Units,8/24/2005,PercentPositive,1,47
%{FetalErythrocytes},PercentFetalErythrocytes [Number Fraction Units],PH_UnitsOfMeasure_UCUM_Expression,,7/1/2004,% Fetal RBC,Active,Number Fraction Units,8/24/2005,PercentFetalErythrocytes,1,48
%{OfLymphocytes},PercentOfLymphocytes [Number Fraction Units],PH_UnitsOfMeasure_UCUM_Expression,,7/1/2004,% Lymphs,Active,Number Fraction Units,8/24/2005,PercentOfLymphocytes,1,49
%{ofBacteria},PercentofBacteria [Number Fraction Units],PH_UnitsOfMeasure_UCUM_Expression,,7/1/2004,% Bacteria,Active,Number Fraction Units,8/24/2005,PercentofBacteria,1,50
%{OfWBCs},PercentOfWBCs [Number Fraction Units],PH_UnitsOfMeasure_UCUM_Expression,,7/1/2004,% WBCs,Active,Number Fraction Units,8/24/2005,PercentOfWBCs,1,51
%{Abnormal},PercentAbnormal [Number Fraction Units],PH_UnitsOfMeasure_UCUM_Expression,,7/1/2004,% Abnormal,Active,Number Fraction Units,8/24/2005,PercentAbnormal,1,52
%{EosSeen},PercentEosinophilsSeen [Number Fraction Units],PH_UnitsOfMeasure_UCUM_Expression,,7/1/2004,% EOS Seen,Active,Number Fraction Units,8/24/2005,PercentEosinophilsSeen,1,53
%{Hemolysis},PercentHemolysis [Number Fraction Units],PH_UnitsOfMeasure_UCUM_Expression,,7/1/2004,% Hemolysis,Active,Number Fraction Units,8/24/2005,PercentHemolysis,1,54
%{Blockade},PercentBlockade [Number Fraction Units],PH_UnitsOfMeasure_UCUM_Expression,,7/1/2004,% Blockade,Active,Number Fraction Units,8/24/2005,PercentBlockade,1,55
%/100{WBC},PercentPer100WBC [Number Fraction Units],PH_UnitsOfMeasure_UCUM_Expression,,7/1/2004,% per 100 WBC,Active,Number Fraction Units,8/24/2005,PercentPer100WBC,1,56
%{Binding},PercentBinding [Mass Or Substance Fraction Units],PH_UnitsOfMeasure_UCUM_Expression,,7/1/2004,% Binding,Active,Mass Or Substance Fraction Units,8/24/2005,PercentBinding,1,57
%{TotalProtein},PercentTotalProtein [Mass Or Substance Fraction Units],PH_UnitsOfMeasure_UCUM_Expression,,7/1/2004,% Total Protein,Active,Mass Or Substance Fraction Units,8/24/2005,PercentTotalProtein,1,58
%{Bound},PercentBound [Mass Or Substance Fraction Units],PH_UnitsOfMeasure_UCUM_Expression,,7/1/2004,% Bound,Active,Mass Or Substance Fraction Units,8/24/2005,PercentBound,1,59
%{Hemoglobin},PercentHemoglobin [Mass Or Substance Fraction Units],PH_UnitsOfMeasure_UCUM_Expression,,7/1/2004,% Hgb,Active,Mass Or Substance Fraction Units,8/24/2005,PercentHemoglobin,1,60
%{HemoglobinSaturation},PercentHemoglobinSaturation [Mass Or Substance Fraction Units],PH_UnitsOfMeasure_UCUM_Expression,,7/1/2004,% Hgb SAT,Active,Mass Or Substance Fraction Units,8/24/2005,PercentHemoglobinSaturation,1,61
%{Carboxyhemoglobin},PercentCarboxyhemoglobin [Mass Or Substance Fraction Units],PH_UnitsOfMeasure_UCUM_Expression,,7/1/2004,% CO Hgb,Active,Mass Or Substance Fraction Units,8/24/2005,PercentCarboxyhemoglobin,1,62
%{HemoglobinA1C},PercentHemoglobinA1C [Mass Or Substance Fraction Units],PH_UnitsOfMeasure_UCUM_Expression,,7/1/2004,% Hgb A1C,Active,Mass Or Substance Fraction Units,8/24/2005,PercentHemoglobinA1C,1,63
%{Excretion},PercentExcretion [Mass Or Substance Rate Fraction Units],PH_UnitsOfMeasure_UCUM_Expression,,7/1/2004,% Excretion,Active,Mass Or Substance Rate Fraction Units,8/24/2005,PercentExcretion,1,64
%{Uptake},PercentUptake [Mass Or Substance Rate Fraction Units],PH_UnitsOfMeasure_UCUM_Expression,,7/1/2004,% Uptake,Active,Mass Or Substance Rate Fraction Units,8/24/2005,PercentUptake,1,65
ug/ng,MicroGramsPerNanoGram [Mass Ratio Or Mass Fraction Or Mass Content Units],PH_UnitsOfMeasure_UCUM_Expression,,7/1/2004,ug/ng,Active,Mass Ratio Or Mass Fraction Or Mass Content Units,8/24/2005,MicroGramsPerNanoGram,1,66
ng/mg,NanoGramsPerMilliGram [Mass Ratio Or Mass Fraction Or Mass Content Units],PH_UnitsOfMeasure_UCUM_Expression,,7/1/2004,ng/mg,Active,Mass Ratio Or Mass Fraction Or Mass Content Units,8/24/2005,NanoGramsPerMilliGram,1,67
ng/mg{Protein},NanoGramsPerMilliGramProtein [Mass Ratio Or Mass Fraction Or Mass Content Units],PH_UnitsOfMeasure_UCUM_Expression,,7/1/2004,ng/mg Prot,Active,Mass Ratio Or Mass Fraction Or Mass Content Units,8/24/2005,NanoGramsPerMilliGramProtein,1,68
ug/mg,MicroGramsPerMilliGram [Mass Ratio Or Mass Fraction Or Mass Content Units],PH_UnitsOfMeasure_UCUM_Expression,,7/1/2004,ug/mg,Active,Mass Ratio Or Mass Fraction Or Mass Content Units,8/24/2005,MicroGramsPerMilliGram,1,69
ug/mg{Cre},MicroGramsPerMilliGramCreatinine [Mass Ratio Or Mass Fraction Or Mass Content Units],PH_UnitsOfMeasure_UCUM_Expression,,7/1/2004,ug/mg Cre,Active,Mass Ratio Or Mass Fraction Or Mass Content Units,8/24/2005,MicroGramsPerMilliGramCreatinine,1,70
mg/mg,MilliGramsPerMilliGram [Mass Ratio Or Mass Fraction Or Mass Content Units],PH_UnitsOfMeasure_UCUM_Expression,,7/1/2004,mg/mg,Active,Mass Ratio Or Mass Fraction Or Mass Content Units,8/24/2005,MilliGramsPerMilliGram,1,71
mg/mg{Cre},MilligramsPerMilligramCreatinine [Mass Ratio Or Mass Fraction Or Mass Content Units],PH_UnitsOfMeasure_UCUM_Expression,,7/1/2004,mg/mg Cre,Active,Mass Ratio Or Mass Fraction Or Mass Content Units,8/24/2005,MilligramsPerMilligramCreatinine,,72
ng/g,NanoGramsPerGram [Mass Ratio Or Mass Fraction Or Mass Content Units],PH_UnitsOfMeasure_UCUM_Expression,,7/1/2004,ng/g,Active,Mass Ratio Or Mass Fraction Or Mass Content Units,8/24/2005,NanoGramsPerGram,1,73
ng/g{Cre},NanoGramsPerGramCreatinine [Mass Ratio Or Mass Fraction Or Mass Content Units],PH_UnitsOfMeasure_UCUM_Expression,,7/1/2004,ng/g Cre,Active,Mass Ratio Or Mass Fraction Or Mass Content Units,8/24/2005,NanoGramsPerGramCreatinine,1,74
ug/g,MicroGramsPerGram [Mass Ratio Or Mass Fraction Or Mass Content Units],PH_UnitsOfMeasure_UCUM_Expression,,7/1/2004,ug/g,Active,Mass Ratio Or Mass Fraction Or Mass Content Units,8/24/2005,MicroGramsPerGram,1,75
ug/[100]g,MicroGramPer100Gram [Mass Ratio Or Mass Fraction Or Mass Content Units],PH_UnitsOfMeasure_UCUM_Expression,,7/1/2004,ug/100 g,Active,Mass Ratio Or Mass Fraction Or Mass Content Units,8/24/2005,MicroGramPer100Gram,1,76
ug/g{DryWeight},MicroGramPerGramDryWeight [Mass Ratio Or Mass Fraction Or Mass Content Units],PH_UnitsOfMeasure_UCUM_Expression,,7/1/2004,ug/g Dry Weight,Active,Mass Ratio Or Mass Fraction Or Mass Content Units,8/24/2005,MicroGramPerGramDryWeight,1,77
ug/g{Cre},MicroGramPerGramCreatinine [Mass Ratio Or Mass Fraction Or Mass Content Units],PH_UnitsOfMeasure_UCUM_Expression,,7/1/2004,ug/g Cre,Active,Mass Ratio Or Mass Fraction Or Mass Content Units,8/24/2005,MicroGramPerGramCreatinine,1,78
ug/g{Hgb},MicroGramsPerGramHemoglobin [Mass Ratio Or Mass Fraction Or Mass Content Units],PH_UnitsOfMeasure_UCUM_Expression,,7/1/2004,ug/g Hgb,Active,Mass Ratio Or Mass Fraction Or Mass Content Units,8/24/2005,MicroGramsPerGramHemoglobin,1,79
mg/g,MilliGramsPerGram [Mass Ratio Or Mass Fraction Or Mass Content Units],PH_UnitsOfMeasure_UCUM_Expression,,7/1/2004,mg/g,Active,Mass Ratio Or Mass Fraction Or Mass Content Units,8/24/2005,MilliGramsPerGram,1,80
mg/g{Cre},MilliGramPerGramCreatinine [Mass Ratio Or Mass Fraction Or Mass Content Units],PH_UnitsOfMeasure_UCUM_Expression,,7/1/2004,mg/g Cre,Active,Mass Ratio Or Mass Fraction Or Mass Content Units,8/24/2005,MilliGramPerGramCreatinine,1,81
g/g,GramsPerGram [Mass Ratio Or Mass Fraction Or Mass Content Units],PH_UnitsOfMeasure_UCUM_Expression,,7/1/2004,g/g,Active,Mass Ratio Or Mass Fraction Or Mass Content Units,8/24/2005,GramsPerGram,1,82
ng/kg,NanoGramsPerKiloGram [Mass Ratio Or Mass Fraction Or Mass Content Units],PH_UnitsOfMeasure_UCUM_Expression,,7/1/2004,ng/kg,Active,Mass Ratio Or Mass Fraction Or Mass Content Units,8/24/2005,NanoGramsPerKiloGram,1,83
ug/kg,MicroGramsPerKiloGram [Mass Ratio Or Mass Fraction Or Mass Content Units],PH_UnitsOfMeasure_UCUM_Expression,,7/1/2004,ug/kg,Active,Mass Ratio Or Mass Fraction Or Mass Content Units,8/24/2005,MicroGramsPerKiloGram,1,84
mg/kg,MilliGramsPerKiloGram [Mass Ratio Or Mass Fraction Or Mass Content Units],PH_UnitsOfMeasure_UCUM_Expression,,7/1/2004,mg/kg,Active,Mass Ratio Or Mass Fraction Or Mass Content Units,8/24/2005,MilliGramsPerKiloGram,1,85
g/kg,GramsPerKiloGram [Mass Ratio Or Mass Fraction Or Mass Content Units],PH_UnitsOfMeasure_UCUM_Expression,,7/1/2004,g/kg,Active,Mass Ratio Or Mass Fraction Or Mass Content Units,8/24/2005,GramsPerKiloGram,1,86
g/[100]g,GramsPer100Gram [Mass Ratio Or Mass Fraction Or Mass Content Units],PH_UnitsOfMeasure_UCUM_Expression,,7/1/2004,g/100g,Active,Mass Ratio Or Mass Fraction Or Mass Content Units,8/24/2005,GramsPer100Gram,1,87
g/g{Cre},GramsPerGramCreatinine [Mass Ratio Or Mass Fraction Or Mass Content Units],PH_UnitsOfMeasure_UCUM_Expression,,7/1/2004,g/g Cre,Active,Mass Ratio Or Mass Fraction Or Mass Content Units,8/24/2005,GramsPerGramCreatinine,1,88
pmol/umol,PicoMolesPerMicroMole [Substance Ratio Or Substance Fraction Units],PH_UnitsOfMeasure_UCUM_Expression,,7/1/2004,pmol/umol,Active,Substance Ratio Or Substance Fraction Units,8/24/2005,PicoMolesPerMicroMole,1,89
nmol/mmol,NanoMolesPerMilliMole [Substance Ratio Or Substance Fraction Units],PH_UnitsOfMeasure_UCUM_Expression,,7/1/2004,nmol/mmol,Active,Substance Ratio Or Substance Fraction Units,8/24/2005,NanoMolesPerMilliMole,1,90
nmol/mmol{Cre},NanoMolesPerMilliMoleCreatinine [Substance Ratio Or Substance Fraction Units],PH_UnitsOfMeasure_UCUM_Expression,,7/1/2004,nmol/mmol Cre,Active,Substance Ratio Or Substance Fraction Units,8/24/2005,NanoMolesPerMilliMoleCreatinine,1,91
nmol/mol,NanoMolesPerMole [Substance Ratio Or Substance Fraction Units],PH_UnitsOfMeasure_UCUM_Expression,,7/1/2004,nmol/mol,Active,Substance Ratio Or Substance Fraction Units,8/24/2005,NanoMolesPerMole,1,92
umol/mol,MicroMolesPerMole [Substance Ratio Or Substance Fraction Units],PH_UnitsOfMeasure_UCUM_Expression,,7/1/2004,umol/mol,Active,Substance Ratio Or Substance Fraction Units,8/24/2005,MicroMolesPerMole,1,93
mmol/mol,MilliMolesPerMole [Substance Ratio Or Substance Fraction Units],PH_UnitsOfMeasure_UCUM_Expression,,7/1/2004,mmol/mol,Active,Substance Ratio Or Substance Fraction Units,8/24/2005,MilliMolesPerMole,1,94
mmol/mol{Cre},MilliMolesPerMoleCreatinine [Substance Ratio Or Substance Fraction Units],PH_UnitsOfMeasure_UCUM_Expression,,7/1/2004,mmol/mol Cre,Active,Substance Ratio Or Substance Fraction Units,8/24/2005,MilliMolesPerMoleCreatinine,1,95
umol/mol{Cre},MicroMolesPerMoleCreatinine [Substance Ratio Or Substance Fraction Units],PH_UnitsOfMeasure_UCUM_Expression,,7/1/2004,umol/mol Cre,Active,Substance Ratio Or Substance Fraction Units,8/24/2005,MicroMolesPerMoleCreatinine,1,96
eq/umol,EquivalentsPerMicroMole [Substance Ratio Or Substance Fraction Units],PH_UnitsOfMeasure_UCUM_Expression,,7/1/2004,eq/umol,Active,Substance Ratio Or Substance Fraction Units,8/24/2005,EquivalentsPerMicroMole,1,97
eq/mmol,EquivalentsPerMilliMole [Substance Ratio Or Substance Fraction Units],PH_UnitsOfMeasure_UCUM_Expression,,7/1/2004,eq/mmol,Active,Substance Ratio Or Substance Fraction Units,8/24/2005,EquivalentsPerMilliMole,1,98
{BoneCollagen}eq/mmol{Cre},BoneCollagenEquivalentsPerMilliMoleCreatinine [Substance Ratio Or Substance Fraction Units],PH_UnitsOfMeasure_UCUM_Expression,,7/1/2004,BCE/mmol Cre,Active,Substance Ratio Or Substance Fraction Units,8/24/2005,BoneCollagenEquivalentsPerMilliMoleCreatinine,1,99
{BoneCollagen}eq/umol{Cre},BoneCollagenEquivalentsPerMicroMoleCreatinine [Substance Ratio Or Substance Fraction Units],PH_UnitsOfMeasure_UCUM_Expression,,7/1/2004,BCE/umol Cre,Active,Substance Ratio Or Substance Fraction Units,8/24/2005,BoneCollagenEquivalentsPerMicroMoleCreatinine,1,100
%{vol},VolumePercent [Volume Fraction Units],PH_UnitsOfMeasure_UCUM_Expression,,7/1/2004,Volume %,Active,Volume Fraction Units,8/24/2005,VolumePercent,1,101
%{Oxygen},PercentOxygen [Volume Fraction Units],PH_UnitsOfMeasure_UCUM_Expression,,7/1/2004,% Oxygen,Active,Volume Fraction Units,8/24/2005,PercentOxygen,1,102
mL/dL,MilliLitersPerDeciLiter [Volume Fraction Units],PH_UnitsOfMeasure_UCUM_Expression,,7/1/2004,cc/dL,Active,Volume Fraction Units,8/24/2005,MilliLitersPerDeciLiter,1,103
%{NormalPooledPlasma},PercentNormalPooledPlasma [Catalytic Fraction Or Arbitrary Fraction Units],PH_UnitsOfMeasure_UCUM_Expression,,7/1/2004,% Normal Pooled Plasma,Active,Catalytic Fraction Or Arbitrary Fraction Units,8/24/2005,PercentNormalPooledPlasma,1,104
%{Activity},PercentActivity [Catalytic Fraction Or Arbitrary Fraction Units],PH_UnitsOfMeasure_UCUM_Expression,,7/1/2004,% Activity,Active,Catalytic Fraction Or Arbitrary Fraction Units,8/24/2005,PercentActivity,1,105
%{BasalActivity},PercentBasalActivity [Catalytic Fraction Or Arbitrary Fraction Units],PH_UnitsOfMeasure_UCUM_Expression,,7/1/2004,% Basal Activity,Active,Catalytic Fraction Or Arbitrary Fraction Units,8/24/2005,PercentBasalActivity,1,106
%{Inhibition},PercentInhibition [Catalytic Fraction Or Arbitrary Fraction Units],PH_UnitsOfMeasure_UCUM_Expression,,7/1/2004,% Inhibition,Active,Catalytic Fraction Or Arbitrary Fraction Units,8/24/2005,PercentInhibition,1,107
/{Entity},PerEntity [Entitic Number Units],PH_UnitsOfMeasure_UCUM_Expression,,7/1/2004,/Entity,Active,Entitic Number Units,8/24/2005,PerEntity,1,108
/100{WBC},Per100WBC [Entitic Number Units],PH_UnitsOfMeasure_UCUM_Expression,,7/1/2004,/100 WBCs,Active,Entitic Number Units,8/24/2005,Per100WBC,1,109
/100,Per100 [Entitic Number Units],PH_UnitsOfMeasure_UCUM_Expression,,7/1/2004,/100,Active,Entitic Number Units,8/24/2005,Per100,1,110
/100{Spermatozoa},Per100Spermatozoa [Entitic Number Units],PH_UnitsOfMeasure_UCUM_Expression,,7/1/2004,/100 Sperm,Active,Entitic Number Units,8/24/2005,Per100Spermatozoa,1,111
/10*12{rbc},PerTrillionRedBloodCells [Entitic Number Units],PH_UnitsOfMeasure_UCUM_Expression,,7/1/2004,/10^12 RBCs,Active,Entitic Number Units,8/24/2005,PerTrillionRedBloodCells,1,112
deg,DegreesOfArc [Plane Angle Units],PH_UnitsOfMeasure_UCUM_Expression,,7/1/2004,Deg,Active,Plane Angle Units,8/24/2005,DegreesOfArc,1,113
/[arb`U],PerArbitraryUnit [Arbitrary Number Units],PH_UnitsOfMeasure_UCUM_Expression,,7/1/2004,/Arbitrary Unit,Active,Arbitrary Number Units,8/24/2005,PerArbitraryUnit,[arb]-1,114
u[iU],MicroInternationalUnit [Arbitrary Units],PH_UnitsOfMeasure_UCUM_Expression,,7/1/2004,uIU,Active,Arbitrary Units,8/24/2005,MicroInternationalUnit,[arb],115
[iU],InternationalUnit [Arbitrary Units],PH_UnitsOfMeasure_UCUM_Expression,,7/1/2004,IU,Active,Arbitrary Units,8/24/2005,InternationalUnit,[arb],116
10*6.[iU],MillionInternationalUnit [Arbitrary Units],PH_UnitsOfMeasure_UCUM_Expression,,7/1/2004,10^6  IU,Active,Arbitrary Units,8/24/2005,MillionInternationalUnit,[arb],117
[in_i],Inch [English Length Units],PH_UnitsOfMeasure_UCUM_Expression,,7/1/2004,in,Active,English Length Units,8/24/2005,Inch,L,118
[ft_i],Feet [English Length Units],PH_UnitsOfMeasure_UCUM_Expression,,7/1/2004,ft,Active,English Length Units,8/24/2005,Feet,L,119
[yd_i],Yard [English Length Units],PH_UnitsOfMeasure_UCUM_Expression,,7/1/2004,yd,Active,English Length Units,8/24/2005,Yard,L,120
[fth_i],Fathom [English Length Units],PH_UnitsOfMeasure_UCUM_Expression,,7/1/2004,fathom,Active,English Length Units,8/24/2005,Fathom,L,121
[mi_i],StatuteMile [English Length Units],PH_UnitsOfMeasure_UCUM_Expression,,7/1/2004,mi,Active,English Length Units,8/24/2005,StatuteMile,L,122
[nmi_i],NauticalMile [English Length Units],PH_UnitsOfMeasure_UCUM_Expression,,7/1/2004,n mile,Active,English Length Units,8/24/2005,NauticalMile,L,123
[Ch],French [English Length Units],PH_UnitsOfMeasure_UCUM_Expression,,7/1/2004,French Unit,Active,English Length Units,8/24/2005,French,L,124
fm,FemtoMeter [SI Length Units],PH_UnitsOfMeasure_UCUM_Expression,,7/1/2004,fm,Active,SI Length Units,8/24/2005,FemtoMeter,L,125
pm,PicoMeter [SI Length Units],PH_UnitsOfMeasure_UCUM_Expression,,7/1/2004,pm,Active,SI Length Units,8/24/2005,PicoMeter,L,126
nm,NanoMeter [SI Length Units],PH_UnitsOfMeasure_UCUM_Expression,,7/1/2004,nm,Active,SI Length Units,8/24/2005,NanoMeter,L,127
um,MicroMeter [SI Length Units],PH_UnitsOfMeasure_UCUM_Expression,,7/1/2004,um,Active,SI Length Units,8/24/2005,MicroMeter,L,128
mm,MilliMeter [SI Length Units],PH_UnitsOfMeasure_UCUM_Expression,,7/1/2004,mm,Active,SI Length Units,8/24/2005,MilliMeter,L,129
cm,CentiMeter [SI Length Units],PH_UnitsOfMeasure_UCUM_Expression,,7/1/2004,cm,Active,SI Length Units,8/24/2005,CentiMeter,L,130
dm,DeciMeter [SI Length Units],PH_UnitsOfMeasure_UCUM_Expression,,7/1/2004,dm,Active,SI Length Units,8/24/2005,DeciMeter,L,131
m,Meter [SI Length Units],PH_UnitsOfMeasure_UCUM_Expression,,7/1/2004,m,Active,SI Length Units,8/24/2005,Meter,L,132
km,KiloMeter [SI Length Units],PH_UnitsOfMeasure_UCUM_Expression,,7/1/2004,km,Active,SI Length Units,8/24/2005,KiloMeter,L,133
[gr],Grain [English Mass Units],PH_UnitsOfMeasure_UCUM_Expression,,7/1/2004,gr,Active,English Mass Units,8/24/2005,Grain,M,134
[oz_av],Ounce [English Mass Units],PH_UnitsOfMeasure_UCUM_Expression,,7/1/2004,oz,Active,English Mass Units,8/24/2005,Ounce,M,135
[oz_tr],TroyOunce [English Mass Units],PH_UnitsOfMeasure_UCUM_Expression,,7/1/2004,tr oz,Active,English Mass Units,8/24/2005,TroyOunce,M,136
[lb_av],Pound [English Mass Units],PH_UnitsOfMeasure_UCUM_Expression,,7/1/2004,lb,Active,English Mass Units,8/24/2005,Pound,M,137
[ston_av],Ton [English Mass Units],PH_UnitsOfMeasure_UCUM_Expression,,7/1/2004,Ton,Active,English Mass Units,8/24/2005,Ton,M,138
[dr_av],Dram [English Mass Units],PH_UnitsOfMeasure_UCUM_Expression,,7/1/2004,dr,Active,English Mass Units,8/24/2005,Dram,M,139
fg,FemtoGram [SI Mass Units],PH_UnitsOfMeasure_UCUM_Expression,,7/1/2004,fg,Active,SI Mass Units,8/24/2005,FemtoGram,M,140
pg,PicoGram [SI Mass Units],PH_UnitsOfMeasure_UCUM_Expression,,7/1/2004,pg,Active,SI Mass Units,8/24/2005,PicoGram,M,141
ng,NanoGram [SI Mass Units],PH_UnitsOfMeasure_UCUM_Expression,,7/1/2004,ng,Active,SI Mass Units,8/24/2005,NanoGram,M,142
ug,MicroGram [SI Mass Units],PH_UnitsOfMeasure_UCUM_Expression,,7/1/2004,ug,Active,SI Mass Units,8/24/2005,MicroGram,M,143
ug/{TotalVolume},MicroGramsPerTotalVolume [SI Mass Units],PH_UnitsOfMeasure_UCUM_Expression,,7/1/2004,ug/Total Volume,Active,SI Mass Units,8/24/2005,MicroGramsPerTotalVolume,M,144
ug/{Specimen},MicroGramsPerSpecimen [SI Mass Units],PH_UnitsOfMeasure_UCUM_Expression,,7/1/2004,ug/Spec,Active,SI Mass Units,8/24/2005,MicroGramsPerSpecimen,M,145
mg,MilliGram [SI Mass Units],PH_UnitsOfMeasure_UCUM_Expression,,7/1/2004,mg,Active,SI Mass Units,8/24/2005,MilliGram,M,146
mg/{Volume},MilliGramsPerVolume [SI Mass Units],PH_UnitsOfMeasure_UCUM_Expression,,7/1/2004,mg/Volume,Active,SI Mass Units,8/24/2005,MilliGramsPerVolume,M,147
mg/{TotalVolume},MilliGramPerTotalVolume [SI Mass Units],PH_UnitsOfMeasure_UCUM_Expression,,7/1/2004,mg/Total Volume,Active,SI Mass Units,8/24/2005,MilliGramPerTotalVolume,M,148
g,Gram [SI Mass Units],PH_UnitsOfMeasure_UCUM_Expression,,7/1/2004,g,Active,SI Mass Units,8/24/2005,Gram,M,149
g/{TotalWeight},GramsPerTotalWeight [SI Mass Units],PH_UnitsOfMeasure_UCUM_Expression,,7/1/2004,g/Total Weight,Active,SI Mass Units,8/24/2005,GramsPerTotalWeight,M,150
dg,DeciGram [SI Mass Units],PH_UnitsOfMeasure_UCUM_Expression,,7/1/2004,dg,Active,SI Mass Units,8/24/2005,DeciGram,M,151
cg,CentiGram [SI Mass Units],PH_UnitsOfMeasure_UCUM_Expression,,7/1/2004,cg,Active,SI Mass Units,8/24/2005,CentiGram,M,152
kg,KiloGram [SI Mass Units],PH_UnitsOfMeasure_UCUM_Expression,,7/1/2004,kg,Active,SI Mass Units,8/24/2005,KiloGram,M,153
t,MetricTon [SI Mass Units],PH_UnitsOfMeasure_UCUM_Expression,,7/1/2004,Metric Ton,Active,SI Mass Units,8/24/2005,MetricTon,M,154
pg/mm,PicoGramsPerMilliMeter [Lineic Mass Units],PH_UnitsOfMeasure_UCUM_Expression,,7/1/2004,pg/mm,Active,Lineic Mass Units,8/24/2005,PicoGramsPerMilliMeter,L-1M,155
K,DegreesKelvin [Temperature Units],PH_UnitsOfMeasure_UCUM_Expression,,7/1/2004,K,Active,Temperature Units,8/24/2005,DegreesKelvin,q,156
Cel,DegreesCelsius [Temperature Units],PH_UnitsOfMeasure_UCUM_Expression,,7/1/2004,C,Active,Temperature Units,8/24/2005,DegreesCelsius,q,157
[degF],DegreesFahrenheit [Temperature Units],PH_UnitsOfMeasure_UCUM_Expression,,7/1/2004,F,Active,Temperature Units,8/24/2005,DegreesFahrenheit,q,158
K/W,KelvinPerWatt [Thermal Resistance Units],PH_UnitsOfMeasure_UCUM_Expression,,7/1/2004,K/Watt,Active,Thermal Resistance Units,8/24/2005,KelvinPerWatt,L-2M-1T3q,159
ps,PicoSecond [Time Units],PH_UnitsOfMeasure_UCUM_Expression,,7/1/2004,ps,Active,Time Units,8/24/2005,PicoSecond,T,160
ns,NanoSecond [Time Units],PH_UnitsOfMeasure_UCUM_Expression,,7/1/2004,ns,Active,Time Units,8/24/2005,NanoSecond,T,161
us,MicroSecond [Time Units],PH_UnitsOfMeasure_UCUM_Expression,,7/1/2004,us,Active,Time Units,8/24/2005,MicroSecond,T,162
ms,MilliSecond [Time Units],PH_UnitsOfMeasure_UCUM_Expression,,7/1/2004,ms,Active,Time Units,8/24/2005,MilliSecond,T,163
s,Second [Time Units],PH_UnitsOfMeasure_UCUM_Expression,,7/1/2004,sec,Active,Time Units,8/24/2005,Second,T,164
ks,KiloSecond [Time Units],PH_UnitsOfMeasure_UCUM_Expression,,7/1/2004,ks,Active,Time Units,8/24/2005,KiloSecond,T,165
Ms,Megasecond [Time Units],PH_UnitsOfMeasure_UCUM_Expression,,7/1/2004,Ms,Active,Time Units,8/24/2005,Megasecond,T,166
min,Minute [Time Units],PH_UnitsOfMeasure_UCUM_Expression,,7/1/2004,min,Active,Time Units,8/24/2005,Minute,T,167
h,Hour [Time Units],PH_UnitsOfMeasure_UCUM_Expression,,7/1/2004,h,Active,Time Units,8/24/2005,Hour,T,168
d,Day [Time Units],PH_UnitsOfMeasure_UCUM_Expression,,7/1/2004,d,Active,Time Units,8/24/2005,Day,T,169
wk,Week [Time Units],PH_UnitsOfMeasure_UCUM_Expression,,7/1/2004,wk,Active,Time Units,8/24/2005,Week,T,170
mo,Month [Time Units],PH_UnitsOfMeasure_UCUM_Expression,,7/1/2004,Mo,Active,Time Units,8/24/2005,Month,T,171
a,Year [Time Units],PH_UnitsOfMeasure_UCUM_Expression,,7/1/2004,yr,Active,Time Units,8/24/2005,Year,T,172
eq,Equivalent [Substance Units],PH_UnitsOfMeasure_UCUM_Expression,,7/1/2004,eq,Active,Substance Units,8/24/2005,Equivalent,N,173
ueq,MicroEquivalent [Substance Units],PH_UnitsOfMeasure_UCUM_Expression,,7/1/2004,ueq,Active,Substance Units,8/24/2005,MicroEquivalent,N,174
meq,MilliEquivalent [Substance Units],PH_UnitsOfMeasure_UCUM_Expression,,7/1/2004,meq,Active,Substance Units,8/24/2005,MilliEquivalent,N,175
meq/{Specimen},MilliEquivalentsPerSpecimen [Substance Units],PH_UnitsOfMeasure_UCUM_Expression,,7/1/2004,meq/Spec,Active,Substance Units,8/24/2005,MilliEquivalentsPerSpecimen,N,176
mol,Mole [Substance Units],PH_UnitsOfMeasure_UCUM_Expression,,7/1/2004,mol,Active,Substance Units,8/24/2005,Mole,N,177
mmol,MilliMole [Substance Units],PH_UnitsOfMeasure_UCUM_Expression,,7/1/2004,mmol,Active,Substance Units,8/24/2005,MilliMole,N,178
mmol/{TotalVolume},MilliMolesPerTotalVolume [Substance Units],PH_UnitsOfMeasure_UCUM_Expression,,7/1/2004,mmol/Total Volume,Active,Substance Units,8/24/2005,MilliMolesPerTotalVolume,N,179
fmol,Femtomole [Substance Units],PH_UnitsOfMeasure_UCUM_Expression,,7/1/2004,fmol,Active,Substance Units,8/24/2005,Femtomole,N,180
pmol,PicoMole [Substance Units],PH_UnitsOfMeasure_UCUM_Expression,,7/1/2004,pmol,Active,Substance Units,8/24/2005,PicoMole,N,181
umol,MicroMole [Substance Units],PH_UnitsOfMeasure_UCUM_Expression,,7/1/2004,umol,Active,Substance Units,8/24/2005,MicroMole,N,182
nmol,NanoMole [Substance Units],PH_UnitsOfMeasure_UCUM_Expression,,7/1/2004,nmol,Active,Substance Units,8/24/2005,NanoMole,N,183
mosm,MilliOsmole [Substance Units],PH_UnitsOfMeasure_UCUM_Expression,,7/1/2004,mosm,Active,Substance Units,8/24/2005,MilliOsmole,N,184
meq/m2,MilliEquivalentsPerSquareMeter [Areic Substance Units],PH_UnitsOfMeasure_UCUM_Expression,,7/1/2004,meg/m^2,Active,Areic Substance Units,8/24/2005,MilliEquivalentsPerSquareMeter,L-2N,185
mmol/m2,MilliMolesPerSquareMeter [Areic Substance Units],PH_UnitsOfMeasure_UCUM_Expression,,7/1/2004,mmol/m^2,Active,Areic Substance Units,8/24/2005,MilliMolesPerSquareMeter,L-2N,186
[sin_i],SquareInch [English Area Units],PH_UnitsOfMeasure_UCUM_Expression,,7/1/2004,in^2,Active,English Area Units,8/24/2005,SquareInch,L2,187
[sft_i],SquareFeet [English Area Units],PH_UnitsOfMeasure_UCUM_Expression,,7/1/2004,ft^2,Active,English Area Units,8/24/2005,SquareFeet,L2,188
[syd_i],SquareYard [English Area Units],PH_UnitsOfMeasure_UCUM_Expression,,7/1/2004,yd^2,Active,English Area Units,8/24/2005,SquareYard,L2,189
mm2,SquareMilliMeter [SI Area Units],PH_UnitsOfMeasure_UCUM_Expression,,7/1/2004,mm^2,Active,SI Area Units,8/24/2005,SquareMilliMeter,L2,190
cm2,SquareCentiMeter [SI Area Units],PH_UnitsOfMeasure_UCUM_Expression,,7/1/2004,cm^2,Active,SI Area Units,8/24/2005,SquareCentiMeter,L2,191
m2,SquareMeter [SI Area Units],PH_UnitsOfMeasure_UCUM_Expression,,7/1/2004,m^2,Active,SI Area Units,8/24/2005,SquareMeter,L2,192
[foz_us],FluidOunce [English Volume Units],PH_UnitsOfMeasure_UCUM_Expression,,7/1/2004,fl oz,Active,English Volume Units,8/24/2005,FluidOunce,L3,193
[cin_i],CubicInch [English Volume Units],PH_UnitsOfMeasure_UCUM_Expression,,7/1/2004,in^3,Active,English Volume Units,8/24/2005,CubicInch,L3,194
[cup_us],Cup [English Volume Units],PH_UnitsOfMeasure_UCUM_Expression,,7/1/2004,Cup,Active,English Volume Units,8/24/2005,Cup,L3,195
[pt_us],Pint [English Volume Units],PH_UnitsOfMeasure_UCUM_Expression,,7/1/2004,pt,Active,English Volume Units,8/24/2005,Pint,L3,196
[qt_us],Quart [English Volume Units],PH_UnitsOfMeasure_UCUM_Expression,,7/1/2004,qt,Active,English Volume Units,8/24/2005,Quart,L3,197
[gal_us],Gallon [English Volume Units],PH_UnitsOfMeasure_UCUM_Expression,,7/1/2004,gal,Active,English Volume Units,8/24/2005,Gallon,L3,198
[fdr_us],FluidDram [English Volume Units],PH_UnitsOfMeasure_UCUM_Expression,,7/1/2004,fl dr,Active,English Volume Units,8/24/2005,FluidDram,L3,199
fL,FemtoLiter [SI Volume Units],PH_UnitsOfMeasure_UCUM_Expression,,7/1/2004,fL,Active,SI Volume Units,8/24/2005,FemtoLiter,L3,200
pL,PicoLiter [SI Volume Units],PH_UnitsOfMeasure_UCUM_Expression,,7/1/2004,pL,Active,SI Volume Units,8/24/2005,PicoLiter,L3,201
nL,NanoLiter [SI Volume Units],PH_UnitsOfMeasure_UCUM_Expression,,7/1/2004,nL,Active,SI Volume Units,8/24/2005,NanoLiter,L3,202
uL,MicroLiter [SI Volume Units],PH_UnitsOfMeasure_UCUM_Expression,,7/1/2004,uL,Active,SI Volume Units,8/24/2005,MicroLiter,L3,203
mL,MilliLiter [SI Volume Units],PH_UnitsOfMeasure_UCUM_Expression,,7/1/2004,mL,Active,SI Volume Units,8/24/2005,MilliLiter,L3,204
mL/{h`b},MilliLitersPerHeartbeat [SI Volume Units],PH_UnitsOfMeasure_UCUM_Expression,,7/1/2004,mL/heart beat,Active,SI Volume Units,8/24/2005,MilliLitersPerHeartbeat,L3,205
L,Liter [SI Volume Units],PH_UnitsOfMeasure_UCUM_Expression,,7/1/2004,L,Active,SI Volume Units,8/24/2005,Liter,L3,206
dL,DeciLiter [SI Volume Units],PH_UnitsOfMeasure_UCUM_Expression,,7/1/2004,dL,Active,SI Volume Units,8/24/2005,DeciLiter,L3,207
cL,CentiLiter [SI Volume Units],PH_UnitsOfMeasure_UCUM_Expression,,7/1/2004,cL,Active,SI Volume Units,8/24/2005,CentiLiter,L3,208
kL,KiloLiter [SI Volume Units],PH_UnitsOfMeasure_UCUM_Expression,,7/1/2004,kL,Active,SI Volume Units,8/24/2005,KiloLiter,L3,209
hL,HectoLiter [SI Volume Units],PH_UnitsOfMeasure_UCUM_Expression,,7/1/2004,hL,Active,SI Volume Units,8/24/2005,HectoLiter,L3,210
L.s2/s,LiterSquareSecondPerSecond [Volume Duration Units],PH_UnitsOfMeasure_UCUM_Expression,,7/1/2004,L s^2/s,Active,Volume Duration Units,8/24/2005,LiterSquareSecondPerSecond,L3T,211
/mg,PerMilliGram [Number Content Units],PH_UnitsOfMeasure_UCUM_Expression,,7/1/2004,mg,Active,Number Content Units,8/24/2005,PerMilliGram,M-1,212
/g,PerGram [Number Content Units],PH_UnitsOfMeasure_UCUM_Expression,,7/1/2004,/g,Active,Number Content Units,8/24/2005,PerGram,M-1,213
/g{creat},PerGramCreatinine [Number Content Units],PH_UnitsOfMeasure_UCUM_Expression,,7/1/2004,/g Cre,Active,Number Content Units,8/24/2005,PerGramCreatinine,M-1,214
/g{HGB},PerGramHemoglobin [Number Content Units],PH_UnitsOfMeasure_UCUM_Expression,,7/1/2004,/g Hgb,Active,Number Content Units,8/24/2005,PerGramHemoglobin,M-1,215
/g{tot`nit},PerGramTotalNitrogen [Number Content Units],PH_UnitsOfMeasure_UCUM_Expression,,7/1/2004,/g Total Nitrogen,Active,Number Content Units,8/24/2005,PerGramTotalNitrogen,M-1,216
/g{tot`prot},PerGramTotalProtein [Number Content Units],PH_UnitsOfMeasure_UCUM_Expression,,7/1/2004,/g Total Protein,Active,Number Content Units,8/24/2005,PerGramTotalProtein,M-1,217
/g{wet`tis},PerGramWetTissue [Number Content Units],PH_UnitsOfMeasure_UCUM_Expression,,7/1/2004,/g Wet Tissue,Active,Number Content Units,8/24/2005,PerGramWetTissue,M-1,218
/kg,PerKiloGram [Number Content Units],PH_UnitsOfMeasure_UCUM_Expression,,7/1/2004,/kg,Active,Number Content Units,8/24/2005,PerKiloGram,M-1,219
/kg{body`wt},PerKiloGramBodyWeight [Number Content Units],PH_UnitsOfMeasure_UCUM_Expression,,7/1/2004,/kg Body Weight,Active,Number Content Units,8/24/2005,PerKiloGramBodyWeight,M-1,220
fmol/mg,FemtoMolesPerMilliGram [Substance Content Units],PH_UnitsOfMeasure_UCUM_Expression,,7/1/2004,fmol/mg,Active,Substance Content Units,8/24/2005,FemtoMolesPerMilliGram,M-1N,221
nmol/mg,NanoMolesPerMilliGram [Substance Content Units],PH_UnitsOfMeasure_UCUM_Expression,,7/1/2004,nmol/mg,Active,Substance Content Units,8/24/2005,NanoMolesPerMilliGram,M-1N,222
umol/mg,MicroMolesPerMilliGram [Substance Content Units],PH_UnitsOfMeasure_UCUM_Expression,,7/1/2004,umol/mg,Active,Substance Content Units,8/24/2005,MicroMolesPerMilliGram,M-1N,223
umol/mg{Cre},MicroMolesPerMilliGramCreatinine [Substance Content Units],PH_UnitsOfMeasure_UCUM_Expression,,7/1/2004,umol/mg Cre,Active,Substance Content Units,8/24/2005,MicroMolesPerMilliGramCreatinine,M-1N,224
mol/kg,MolesPerKiloGram [Substance Content Units],PH_UnitsOfMeasure_UCUM_Expression,,7/1/2004,mol/kg,Active,Substance Content Units,8/24/2005,MolesPerKiloGram,M-1N,225
fmol/g,FemtoMolesPerGram [Substance Content Units],PH_UnitsOfMeasure_UCUM_Expression,,7/1/2004,fmol/gm,Active,Substance Content Units,8/24/2005,FemtoMolesPerGram,M-1N,226
nmol/g,NanoMolesPerGram [Substance Content Units],PH_UnitsOfMeasure_UCUM_Expression,,7/1/2004,nmol/g,Active,Substance Content Units,8/24/2005,NanoMolesPerGram,M-1N,227
nmol/g{Cre},NanoMolesPerGramCreatinine [Substance Content Units],PH_UnitsOfMeasure_UCUM_Expression,,7/1/2004,nmol/g Cre,Active,Substance Content Units,8/24/2005,NanoMolesPerGramCreatinine,M-1N,228
umol/g,MicroMolesPerGram [Substance Content Units],PH_UnitsOfMeasure_UCUM_Expression,,7/1/2004,umol/g,Active,Substance Content Units,8/24/2005,MicroMolesPerGram,M-1N,229
umol/g{Cre},MicroMolesPerGramCreatinine [Substance Content Units],PH_UnitsOfMeasure_UCUM_Expression,,7/1/2004,umol/g Cre,Active,Substance Content Units,8/24/2005,MicroMolesPerGramCreatinine,M-1N,230
umol/g{Hgb},MicroMolesPerGramHemoglobin [Substance Content Units],PH_UnitsOfMeasure_UCUM_Expression,,7/1/2004,umol/g Hgb,Active,Substance Content Units,8/24/2005,MicroMolesPerGramHemoglobin,M-1N,231
mmol/g,MilliMolesPerGram [Substance Content Units],PH_UnitsOfMeasure_UCUM_Expression,,7/1/2004,mmol/g,Active,Substance Content Units,8/24/2005,MilliMolesPerGram,M-1N,232
mmol/kg,MilliMolesPerKiloGram [Substance Content Units],PH_UnitsOfMeasure_UCUM_Expression,,7/1/2004,mmol/kg,Active,Substance Content Units,8/24/2005,MilliMolesPerKiloGram,M-1N,233
osm/kg,OsmolesPerKiloGram [Substance Content Units],PH_UnitsOfMeasure_UCUM_Expression,,7/1/2004,Osm/kg,Active,Substance Content Units,8/24/2005,OsmolesPerKiloGram,M-1N,234
mosm/kg,MilliOsmolesPerKiloGram [Substance Rate Content Units],PH_UnitsOfMeasure_UCUM_Expression,,7/1/2004,mosm/kg,Active,Substance Rate Content Units,8/24/2005,MilliOsmolesPerKiloGram,M-1T-1N,235
meq/g,MilliEquivalentsPerGram [Substance Content Units],PH_UnitsOfMeasure_UCUM_Expression,,7/1/2004,meq/g,Active,Substance Content Units,8/24/2005,MilliEquivalentsPerGram,M-1N,236
meq/g{Cre},MilliEquivalentsPerGramCreatinine [Substance Content Units],PH_UnitsOfMeasure_UCUM_Expression,,7/1/2004,meq/g Cre,Active,Substance Content Units,8/24/2005,MilliEquivalentsPerGramCreatinine,M-1N,237
meq/kg,MilliEquivalentsPerKiloGram [Substance Content Units],PH_UnitsOfMeasure_UCUM_Expression,,7/1/2004,meq/kg,Active,Substance Content Units,8/24/2005,MilliEquivalentsPerKiloGram,M-1N,238
[iU]/g,InternationalUnitsPerGram [Arbitrary Concentration Content Units],PH_UnitsOfMeasure_UCUM_Expression,,7/1/2004,IU/g,Active,Arbitrary Concentration Content Units,8/24/2005,InternationalUnitsPerGram,M-1[arb],239
[iU]/g{Hgb},InternationalUnitsPerGramHemoglobin [Arbitrary Concentration Content Units],PH_UnitsOfMeasure_UCUM_Expression,,7/1/2004,IU/g Hgb,Active,Arbitrary Concentration Content Units,8/24/2005,InternationalUnitsPerGramHemoglobin,M-1[arb],240
{Ehrlich_U}/100g,EhrlichUnitsPer100Gram [Arbitrary Concentration Content Units],PH_UnitsOfMeasure_UCUM_Expression,,7/1/2004,EU/100 g,Active,Arbitrary Concentration Content Units,8/24/2005,EhrlichUnitsPer100Gram,M-1[arb],241
[iU]/kg,InternationalUnitsPerKilogram [Arbitrary Concentration Content Units],PH_UnitsOfMeasure_UCUM_Expression,,7/1/2004,IU/kg,Active,Arbitrary Concentration Content Units,8/24/2005,InternationalUnitsPerKilogram,M-1[arb],242
umol/min/g,MicroMolesPerMinutePerGram [Substance Rate Content Units],PH_UnitsOfMeasure_UCUM_Expression,,7/1/2004,umol/min/g,Active,Substance Rate Content Units,8/24/2005,MicroMolesPerMinutePerGram,M-1T-1N,243
mU/g,MilliUnitsPerGram [Substance Rate Content Units],PH_UnitsOfMeasure_UCUM_Expression,,7/1/2004,mU/g,Active,Substance Rate Content Units,8/24/2005,MilliUnitsPerGram,M-1T-1N,244
mU/g{Hgb},MilliUnitsPerGramHemoglobin [Substance Rate Content Units],PH_UnitsOfMeasure_UCUM_Expression,,7/1/2004,mU/g Hgb,Active,Substance Rate Content Units,8/24/2005,MilliUnitsPerGramHemoglobin,M-1T-1N,245
U/g,UnitsPerGram [Substance Rate Content Units],PH_UnitsOfMeasure_UCUM_Expression,,7/1/2004,U/g,Active,Substance Rate Content Units,8/24/2005,UnitsPerGram,M-1T-1N,246
U/g{Hgb},UnitsPerGramHemoglobin [Substance Rate Content Units],PH_UnitsOfMeasure_UCUM_Expression,,7/1/2004,U/g Hgb,Active,Substance Rate Content Units,8/24/2005,UnitsPerGramHemoglobin,M-1T-1N,247
U/g{Cre},UnitsPerGramCreatinine [Substance Rate Content Units],PH_UnitsOfMeasure_UCUM_Expression,,7/1/2004,U/g Cre,Active,Substance Rate Content Units,8/24/2005,UnitsPerGramCreatinine,M-1T-1N,248
mU/mg{Cre},MilliUnitsPerMilliGramCreatinine [Substance Rate Content Units],PH_UnitsOfMeasure_UCUM_Expression,,7/1/2004,mU/mg Cre,Active,Substance Rate Content Units,8/24/2005,MilliUnitsPerMilliGramCreatinine,M-1T-1N,249
mU/mg,MilliUnitsPerMilligram [Substance Rate Content Units],PH_UnitsOfMeasure_UCUM_Expression,,7/1/2004,mU/mg,Active,Substance Rate Content Units,8/24/2005,MilliUnitsPerMilligram,M-1T-1N,250
kU/g,KiloUnitsPerGram [Substance Rate Content Units],PH_UnitsOfMeasure_UCUM_Expression,,7/1/2004,kU/g,Active,Substance Rate Content Units,8/24/2005,KiloUnitsPerGram,M-1T-1N,251
kat/kg,KatalPerKilogram [Substance Rate Content Units],PH_UnitsOfMeasure_UCUM_Expression,,7/1/2004,kat/kg,Active,Substance Rate Content Units,8/24/2005,KatalPerKilogram,M-1T-1N,252
mL/kg,MilliLitersPerKiloGram [Volume Content Units],PH_UnitsOfMeasure_UCUM_Expression,,7/1/2004,mL/kg,Active,Volume Content Units,8/24/2005,MilliLitersPerKiloGram,L3M-1,253
L/kg,LitersPerKilogram [Volume Content Units],PH_UnitsOfMeasure_UCUM_Expression,,7/1/2004,L/kg,Active,Volume Content Units,8/24/2005,LitersPerKilogram,L3M-1,254
kCal/[oz_av],KiloCaloriesPerOunce [Energy Content Units],PH_UnitsOfMeasure_UCUM_Expression,,7/1/2004,kCal/oz,Active,Energy Content Units,8/24/2005,KiloCaloriesPerOunce,L2T-2,255
/m2,PerSquareMeter [Areic Number Units],PH_UnitsOfMeasure_UCUM_Expression,,7/1/2004,/m^2,Active,Areic Number Units,8/24/2005,PerSquareMeter,L-2,256
g/m2,GramsPerSquareMeter [Areic Mass Units],PH_UnitsOfMeasure_UCUM_Expression,,7/1/2004,g/m^2,Active,Areic Mass Units,8/24/2005,GramsPerSquareMeter,L-2M,257
kg/m2,KiloGramsPerSquareMeter [Areic Mass Units],PH_UnitsOfMeasure_UCUM_Expression,,7/1/2004,kg/m^2,Active,Areic Mass Units,8/24/2005,KiloGramsPerSquareMeter,L-2M,258
ug/m2,MicroGramsPerSquareMeter [Areic Mass Units],PH_UnitsOfMeasure_UCUM_Expression,,7/1/2004,ug/m^2,Active,Areic Mass Units,8/24/2005,MicroGramsPerSquareMeter,L-2M,259
mg/m2,MilliGramsPerSquareMeter [Areic Mass Units],PH_UnitsOfMeasure_UCUM_Expression,,7/1/2004,mg/m^2,Active,Areic Mass Units,8/24/2005,MilliGramsPerSquareMeter,L-2M,260
ng/m2,NanoGramsPerSquareMeter [Areic Mass Units],PH_UnitsOfMeasure_UCUM_Expression,,7/1/2004,ng/m^2,Active,Areic Mass Units,8/24/2005,NanoGramsPerSquareMeter,L-2M,261
g.m,GramMeter [Massive Distance Units],PH_UnitsOfMeasure_UCUM_Expression,,7/1/2004,Gram Meter,Active,Massive Distance Units,8/24/2005,GramMeter,LM,262
g.m/{hb},GramMeterPerHeartbeat [Massive Distance Units],PH_UnitsOfMeasure_UCUM_Expression,,7/1/2004,Gram Meter/Heartbeat,Active,Massive Distance Units,8/24/2005,GramMeterPerHeartbeat,LM,263
g.m/({hb}.m2),GramMeterPerHeartbeatPerSquareMeter [Lineic Mass Units],PH_UnitsOfMeasure_UCUM_Expression,,7/1/2004,Gram Meter/Heartbeat/m^2,Active,Lineic Mass Units,8/24/2005,GramMeterPerHeartbeatPerSquareMeter,L-1M,264
kg/mol,KiloGramsPerMole [Molar Mass Units],PH_UnitsOfMeasure_UCUM_Expression,,7/1/2004,kg/mol,Active,Molar Mass Units,8/24/2005,KiloGramsPerMole,MN-1,265
/uL,PerMicroLiter [Number Concentration Units],PH_UnitsOfMeasure_UCUM_Expression,,7/1/2004,/mm^3,Active,Number Concentration Units,8/24/2005,PerMicroLiter,L-3,266
{Cells}/uL,CellsPerMicroLiter [Number Concentration Units],PH_UnitsOfMeasure_UCUM_Expression,,7/1/2004,cells/uL,Active,Number Concentration Units,8/24/2005,CellsPerMicroLiter,L-3,267
{rbc}/uL,RedBloodCellsPerMicroLiter [Number Concentration Units],PH_UnitsOfMeasure_UCUM_Expression,,7/1/2004,RBC/mm^3,Active,Number Concentration Units,8/24/2005,RedBloodCellsPerMicroLiter,L-3,268
10*3/uL,ThousandsPerMicroLiter [Number Concentration Units],PH_UnitsOfMeasure_UCUM_Expression,,7/1/2004,10^3/uL,Active,Number Concentration Units,8/24/2005,ThousandsPerMicroLiter,L-3,269
10*6/uL,MillionsPerMicroLiter [Number Concentration Units],PH_UnitsOfMeasure_UCUM_Expression,,7/1/2004,10^6/uL,Active,Number Concentration Units,8/24/2005,MillionsPerMicroLiter,L-3,270
10*9/uL,BillionsPerMicroLiter [Number Concentration Units],PH_UnitsOfMeasure_UCUM_Expression,,7/1/2004,10^9/uL,Active,Number Concentration Units,8/24/2005,BillionsPerMicroLiter,L-4,271
/mL,PerMilliLiter [Number Concentration Units],PH_UnitsOfMeasure_UCUM_Expression,,7/1/2004,/mL,Active,Number Concentration Units,8/24/2005,PerMilliLiter,L-5,272
{Spermatozoa}/mL,SpermatozoaPerMilliLiter [Number Concentration Units],PH_UnitsOfMeasure_UCUM_Expression,,7/1/2004,Sperm/mL,Active,Number Concentration Units,8/24/2005,SpermatozoaPerMilliLiter,L-6,273
{Copies}/mL,CopiesPerMilliLiter [Number Concentration Units],PH_UnitsOfMeasure_UCUM_Expression,,7/1/2004,Copies/mL,Active,Number Concentration Units,8/24/2005,CopiesPerMilliLiter,L-7,274
10*3/mL,ThousandPerMilliLiter [Number Concentration Units],PH_UnitsOfMeasure_UCUM_Expression,,7/1/2004,10^3/mL,Active,Number Concentration Units,8/24/2005,ThousandPerMilliLiter,L-8,275
10*3{Copies}/mL,ThousandCopiesPerMilliLiter [Number Concentration Units],PH_UnitsOfMeasure_UCUM_Expression,,7/1/2004,10^3 copies/mL,Active,Number Concentration Units,8/24/2005,ThousandCopiesPerMilliLiter,L-9,276
10*6/mL,MillionPerMilliLiter [Number Concentration Units],PH_UnitsOfMeasure_UCUM_Expression,,7/1/2004,10^6/mL,Active,Number Concentration Units,8/24/2005,MillionPerMilliLiter,L-10,277
10*9/mL,BillionsPerMilliliter [Number Concentration Units],PH_UnitsOfMeasure_UCUM_Expression,,7/1/2004,10^9/mL,Active,Number Concentration Units,8/24/2005,BillionsPerMilliliter,L-11,278
{cfu}/mL,ColonyFormingUnitsPerMilliLiter [Number Concentration Units],PH_UnitsOfMeasure_UCUM_Expression,,7/1/2004,cfu/mL,Active,Number Concentration Units,8/24/2005,ColonyFormingUnitsPerMilliLiter,L-12,279
/dL,PerDeciLiter [Number Concentration Units],PH_UnitsOfMeasure_UCUM_Expression,,7/1/2004,/dL,Active,Number Concentration Units,8/24/2005,PerDeciLiter,L-13,280
/L,PerLiter [Number Concentration Units],PH_UnitsOfMeasure_UCUM_Expression,,7/1/2004,/L,Active,Number Concentration Units,8/24/2005,PerLiter,L-14,281
10*3/L,ThousandPerLiter [Number Concentration Units],PH_UnitsOfMeasure_UCUM_Expression,,7/1/2004,10^3/L,Active,Number Concentration Units,8/24/2005,ThousandPerLiter,L-15,282
10*6/L,MillionPerLiter [Number Concentration Units],PH_UnitsOfMeasure_UCUM_Expression,,7/1/2004,10^6/L,Active,Number Concentration Units,8/24/2005,MillionPerLiter,L-16,283
10*12/L,TrillionPerLiter [Number Concentration Units],PH_UnitsOfMeasure_UCUM_Expression,,7/1/2004,10^12/L,Active,Number Concentration Units,8/24/2005,TrillionPerLiter,L-17,284
10*9/L,BillionPerLiter [Number Concentration Units],PH_UnitsOfMeasure_UCUM_Expression,,7/1/2004,10^9/L,Active,Number Concentration Units,8/24/2005,BillionPerLiter,L-18,285
pg/mL,PicoGramsPerMilliLiter [Mass Concentration Units],PH_UnitsOfMeasure_UCUM_Expression,,7/1/2004,pg/mL,Active,Mass Concentration Units,8/24/2005,PicoGramsPerMilliLiter,L-3M,286
ng/mL,NanoGramsPerMilliLiter [Mass Concentration Units],PH_UnitsOfMeasure_UCUM_Expression,,7/1/2004,ng/mL,Active,Mass Concentration Units,8/24/2005,NanoGramsPerMilliLiter,L-3M,287
ng/mL{rbc},NanoGramsPerMilliLiterRedBloodCells [Mass Concentration Units],PH_UnitsOfMeasure_UCUM_Expression,,7/1/2004,ng/mL RBCs,Active,Mass Concentration Units,8/24/2005,NanoGramsPerMilliLiterRedBloodCells,L-3M,288
ug/mL,MicroGramsPerMilliLiter [Mass Concentration Units],PH_UnitsOfMeasure_UCUM_Expression,,7/1/2004,ug/mL,Active,Mass Concentration Units,8/24/2005,MicroGramsPerMilliLiter,L-3M,289
mg/mL,MilliGramsPerMilliLiter [Mass Concentration Units],PH_UnitsOfMeasure_UCUM_Expression,,7/1/2004,mg/mL,Active,Mass Concentration Units,8/24/2005,MilliGramsPerMilliLiter,L-3M,290
g/mL,GramsPerMilliLiter [Mass Concentration Units],PH_UnitsOfMeasure_UCUM_Expression,,7/1/2004,g/mL,Active,Mass Concentration Units,8/24/2005,GramsPerMilliLiter,L-3M,291
pg/dL,PicoGramsPerDeciLiter [Mass Concentration Units],PH_UnitsOfMeasure_UCUM_Expression,,7/1/2004,pg/dL,Active,Mass Concentration Units,8/24/2005,PicoGramsPerDeciLiter,L-3M,292
ng/dL,NanoGramsPerDeciLiter [Mass Concentration Units],PH_UnitsOfMeasure_UCUM_Expression,,7/1/2004,ng/dL,Active,Mass Concentration Units,8/24/2005,NanoGramsPerDeciLiter,L-3M,293
ug/dL,MicroGramsPerDeciLiter [Mass Concentration Units],PH_UnitsOfMeasure_UCUM_Expression,,7/1/2004,ug/dL,Active,Mass Concentration Units,8/24/2005,MicroGramsPerDeciLiter,0,294
ug/dL{rbc},MicroGramsPerDeciLiterRedBloodCells [Mass Concentration Units],PH_UnitsOfMeasure_UCUM_Expression,,7/1/2004,ug/dL RBCs,Active,Mass Concentration Units,8/24/2005,MicroGramsPerDeciLiterRedBloodCells,L-3M,295
mg/dL,MilliGramsPerDeciLiter [Mass Concentration Units],PH_UnitsOfMeasure_UCUM_Expression,,7/1/2004,mg/dL,Active,Mass Concentration Units,8/24/2005,MilliGramsPerDeciLiter,L-3M,296
mg{Phenylketones}/dL,MilliGramsPhenylketonesPerDeciLiter [Mass Concentration Units],PH_UnitsOfMeasure_UCUM_Expression,,7/1/2004,mg Phe/dL,Active,Mass Concentration Units,8/24/2005,MilliGramsPhenylketonesPerDeciLiter,L-3M,297
g/dL,GramsPerDeciLiter [Mass Concentration Units],PH_UnitsOfMeasure_UCUM_Expression,,7/1/2004,g/dL,Active,Mass Concentration Units,8/24/2005,GramsPerDeciLiter,L-3M,298
ng/L,NanoGramsPerLiter [Mass Concentration Units],PH_UnitsOfMeasure_UCUM_Expression,,7/1/2004,ng/L,Active,Mass Concentration Units,8/24/2005,NanoGramsPerLiter,L-3M,299
pg/L,PicoGramsPerLiter [Mass Concentration Units],PH_UnitsOfMeasure_UCUM_Expression,,7/1/2004,pg/L,Active,Mass Concentration Units,8/24/2005,PicoGramsPerLiter,L-3M,300
ug/L,MicroGramsPerLiter [Mass Concentration Units],PH_UnitsOfMeasure_UCUM_Expression,,7/1/2004,ug/L,Active,Mass Concentration Units,8/24/2005,MicroGramsPerLiter,L-3M,301
mg/L,MilliGramsPerLiter [Mass Concentration Units],PH_UnitsOfMeasure_UCUM_Expression,,7/1/2004,mg/L,Active,Mass Concentration Units,8/24/2005,MilliGramsPerLiter,L-3M,302
g/L,GramsPerLiter [Mass Concentration Units],PH_UnitsOfMeasure_UCUM_Expression,,7/1/2004,g/L,Active,Mass Concentration Units,8/24/2005,GramsPerLiter,L-3M,303
kg/L,KiloGramsPerLiter [Mass Concentration Units],PH_UnitsOfMeasure_UCUM_Expression,,7/1/2004,kg/L,Active,Mass Concentration Units,8/24/2005,KiloGramsPerLiter,L-3M,304
mg/m3,MilliGramsPerCubicMeter [Mass Concentration Units],PH_UnitsOfMeasure_UCUM_Expression,,7/1/2004,mg/m^3,Active,Mass Concentration Units,8/24/2005,MilliGramsPerCubicMeter,L-3M,305
kg/m3,KiloGramsPerCubicMeter [Mass Concentration Units],PH_UnitsOfMeasure_UCUM_Expression,,7/1/2004,kg/m^3,Active,Mass Concentration Units,8/24/2005,KiloGramsPerCubicMeter,L-3M,306
fmol/mL,FemtoMolesPerMilliLiter [Substance Concentration Units],PH_UnitsOfMeasure_UCUM_Expression,,7/1/2004,fmol/mL,Active,Substance Concentration Units,8/24/2005,FemtoMolesPerMilliLiter,L-3N,307
pmol/mL,PicoMolesPerMilliLiter [Substance Concentration Units],PH_UnitsOfMeasure_UCUM_Expression,,7/1/2004,pmol/mL,Active,Substance Concentration Units,8/24/2005,PicoMolesPerMilliLiter,L-3N,308
nmol/mL,NanoMolesPerMilliLiter [Substance Concentration Units],PH_UnitsOfMeasure_UCUM_Expression,,7/1/2004,nmol/mL,Active,Substance Concentration Units,8/24/2005,NanoMolesPerMilliLiter,L-3N,309
umol/mL,MicroMolesPerMilliLiter [Substance Concentration Units],PH_UnitsOfMeasure_UCUM_Expression,,7/1/2004,umol/mL,Active,Substance Concentration Units,8/24/2005,MicroMolesPerMilliLiter,L-3N,310
mol/mL,MolesPerMilliLiter [Substance Concentration Units],PH_UnitsOfMeasure_UCUM_Expression,,7/1/2004,mol/mL,Active,Substance Concentration Units,8/24/2005,MolesPerMilliLiter,L-3N,311
pmol/dL,PicoMolesPerDeciLiter [Substance Concentration Units],PH_UnitsOfMeasure_UCUM_Expression,,7/1/2004,pmol/dL,Active,Substance Concentration Units,8/24/2005,PicoMolesPerDeciLiter,L-3N,312
nmol/dL,NanoMolesPerDeciLiter [Substance Concentration Units],PH_UnitsOfMeasure_UCUM_Expression,,7/1/2004,nmol/dL,Active,Substance Concentration Units,8/24/2005,NanoMolesPerDeciLiter,L-3N,313
umol/dL,MicroMolesPerDeciLiter [Substance Concentration Units],PH_UnitsOfMeasure_UCUM_Expression,,7/1/2004,umol/dL,Active,Substance Concentration Units,8/24/2005,MicroMolesPerDeciLiter,L-3N,314
mmol/dL,MilliMolesPerDeciLiter [Substance Concentration Units],PH_UnitsOfMeasure_UCUM_Expression,,7/1/2004,mmol/dL,Active,Substance Concentration Units,8/24/2005,MilliMolesPerDeciLiter,L-3N,315
mmol/L,MilliMolesPerLiter [Substance Concentration Units],PH_UnitsOfMeasure_UCUM_Expression,,7/1/2004,mmol/L,Active,Substance Concentration Units,8/24/2005,MilliMolesPerLiter,L-3N,316
pmol/L,PicoMolesPerLiter [Substance Concentration Units],PH_UnitsOfMeasure_UCUM_Expression,,7/1/2004,pmol/L,Active,Substance Concentration Units,8/24/2005,PicoMolesPerLiter,L-3N,317
nmol/L,NanoMolesPerLiter [Substance Concentration Units],PH_UnitsOfMeasure_UCUM_Expression,,7/1/2004,nmol/L,Active,Substance Concentration Units,8/24/2005,NanoMolesPerLiter,L-3N,318
umol/L,MicroMolesPerLiter [Substance Concentration Units],PH_UnitsOfMeasure_UCUM_Expression,,7/1/2004,umol/L,Active,Substance Concentration Units,8/24/2005,MicroMolesPerLiter,L-3N,319
mol/L,MolesPerLiter [Substance Concentration Units],PH_UnitsOfMeasure_UCUM_Expression,,7/1/2004,mol/L,Active,Substance Concentration Units,8/24/2005,MolesPerLiter,L-3N,320
mol/m3,MolesPerCubicMeter [Substance Concentration Units],PH_UnitsOfMeasure_UCUM_Expression,,7/1/2004,mol/m^3,Active,Substance Concentration Units,8/24/2005,MolesPerCubicMeter,L-3N,321
ueq/mL,MicroEquivalentsPerMilliLiter [Substance Concentration Units],PH_UnitsOfMeasure_UCUM_Expression,,7/1/2004,ueq/mL,Active,Substance Concentration Units,8/24/2005,MicroEquivalentsPerMilliLiter,L-3N,322
meq/mL,MilliEquivalentPerMilliLiter [Substance Concentration Units],PH_UnitsOfMeasure_UCUM_Expression,,7/1/2004,meq/mL,Active,Substance Concentration Units,8/24/2005,MilliEquivalentPerMilliLiter,L-3N,323
eq/mL,EquivalentsPerMilliLiter [Substance Concentration Units],PH_UnitsOfMeasure_UCUM_Expression,,7/1/2004,eq/mL,Active,Substance Concentration Units,8/24/2005,EquivalentsPerMilliLiter,L-3N,324
{AHG}eq/mL,AHGEquivalentsPerMilliLiter [Substance Concentration Units],PH_UnitsOfMeasure_UCUM_Expression,,7/1/2004,AHG eq/mL,Active,Substance Concentration Units,8/24/2005,AHGEquivalentsPerMilliLiter,L-3N,325
10*6.eq/mL,MillionEquivalentsPerMilliLiter [Substance Concentration Units],PH_UnitsOfMeasure_UCUM_Expression,,7/1/2004,10^6 eq/mL,Active,Substance Concentration Units,8/24/2005,MillionEquivalentsPerMilliLiter,L-3N,326
ueq/L,MicroEquivalentsPerLiter [Substance Concentration Units],PH_UnitsOfMeasure_UCUM_Expression,,7/1/2004,ueg/L,Active,Substance Concentration Units,8/24/2005,MicroEquivalentsPerLiter,L-3N,327
meq/L,MilliEquivalentsPerLiter [Substance Concentration Units],PH_UnitsOfMeasure_UCUM_Expression,,7/1/2004,meg/L,Active,Substance Concentration Units,8/24/2005,MilliEquivalentsPerLiter,L-3N,328
eq/L,EquivalentsPerLiter [Substance Concentration Units],PH_UnitsOfMeasure_UCUM_Expression,,7/1/2004,eg/L,Active,Substance Concentration Units,8/24/2005,EquivalentsPerLiter,L-3N,329
meq/dL,MilliEquivalentsPerDeciLiter [Substance Concentration Units],PH_UnitsOfMeasure_UCUM_Expression,,7/1/2004,meg/dL,Active,Substance Concentration Units,8/24/2005,MilliEquivalentsPerDeciLiter,L-3N,330
mosm/L,MilliOsmolesPerLiter [Substance Concentration Units],PH_UnitsOfMeasure_UCUM_Expression,,7/1/2004,mOsm/L,Active,Substance Concentration Units,8/24/2005,MilliOsmolesPerLiter,L-3N,331
osm/L,OsmolesPerLiter [Substance Concentration Units],PH_UnitsOfMeasure_UCUM_Expression,,7/1/2004,Osm/L,Active,Substance Concentration Units,8/24/2005,OsmolesPerLiter,L-3N,332
u[iU]/mL,MicroInternationalUnitsPerMilliLiter [Arbitrary Concentration Units],PH_UnitsOfMeasure_UCUM_Expression,,7/1/2004,uIU/mL,Active,Arbitrary Concentration Units,8/24/2005,MicroInternationalUnitsPerMilliLiter,L-3[arb],333
m[iU]/mL,MilliInternationalUnitsPerMilliLiter [Arbitrary Concentration Units],PH_UnitsOfMeasure_UCUM_Expression,,7/1/2004,mIU/mL,Active,Arbitrary Concentration Units,8/24/2005,MilliInternationalUnitsPerMilliLiter,L-3[arb],334
{IgGPhospholipid}U/mL,IgGPhospholipidUnitsPerMilliLiter [Arbitrary Concentration Units],PH_UnitsOfMeasure_UCUM_Expression,,7/1/2004,IgG Phospholipid U/mL,Active,Arbitrary Concentration Units,8/24/2005,IgGPhospholipidUnitsPerMilliLiter,L-3[arb],335
{IgMPhospholipid}U/mL,IgMPhospholipidUnitsPerMilliLiter [Arbitrary Concentration Units],PH_UnitsOfMeasure_UCUM_Expression,,7/1/2004,IgM Phospholipid U/mL,Active,Arbitrary Concentration Units,8/24/2005,IgMPhospholipidUnitsPerMilliLiter,L-3[arb],336
{ComplementCh50}U/mL,ComplementCh50UnitsPerMilliLiter [Arbitrary Concentration Units],PH_UnitsOfMeasure_UCUM_Expression,,7/1/2004,CH50 U/mL,Active,Arbitrary Concentration Units,8/24/2005,ComplementCh50UnitsPerMilliLiter,L-3[arb],337
{IgAPhospholipid}U/mL,IgAPhospholipidUnitsPerMilliLiter [Arbitrary Concentration Units],PH_UnitsOfMeasure_UCUM_Expression,,7/1/2004,IgA Phospholipid U/mL,Active,Arbitrary Concentration Units,8/24/2005,IgAPhospholipidUnitsPerMilliLiter,L-3[arb],338
{Elisa_U}/mL,ElisaUnitsPerMilliLiter [Arbitrary Concentration Units],PH_UnitsOfMeasure_UCUM_Expression,,7/1/2004,Elisa U/mL,Active,Arbitrary Concentration Units,8/24/2005,ElisaUnitsPerMilliLiter,L-3[arb],339
[iU]/mL,InternationalUnitsPerMilliLiter [Arbitrary Concentration Units],PH_UnitsOfMeasure_UCUM_Expression,,7/1/2004,IU/mL,Active,Arbitrary Concentration Units,8/24/2005,InternationalUnitsPerMilliLiter,L-3[arb],340
k[iU]/mL,KiloInternationalUnitsPerMilliLiter [Arbitrary Concentration Units],PH_UnitsOfMeasure_UCUM_Expression,,7/1/2004,kIU/mL,Active,Arbitrary Concentration Units,8/24/2005,KiloInternationalUnitsPerMilliLiter,L-3[arb],341
[iU]/dL,InternationalUnitsPerDeciLiter [Arbitrary Concentration Units],PH_UnitsOfMeasure_UCUM_Expression,,7/1/2004,IU/dL,Active,Arbitrary Concentration Units,8/24/2005,InternationalUnitsPerDeciLiter,L-3[arb],342
{Ehrlich_U}/dL,EhrlichUnitsPerDeciLiter [Arbitrary Concentration Units],PH_UnitsOfMeasure_UCUM_Expression,,7/1/2004,EU/dL,Active,Arbitrary Concentration Units,8/24/2005,EhrlichUnitsPerDeciLiter,L-3[arb],343
m[iU]/L,MilliInternationalUnitsPerLiter [Arbitrary Concentration Units],PH_UnitsOfMeasure_UCUM_Expression,,7/1/2004,mIU/L,Active,Arbitrary Concentration Units,8/24/2005,MilliInternationalUnitsPerLiter,L-3[arb],344
[iU]/L,InternationalUnitsPerLiter [Arbitrary Concentration Units],PH_UnitsOfMeasure_UCUM_Expression,,7/1/2004,IU/L,Active,Arbitrary Concentration Units,8/24/2005,InternationalUnitsPerLiter,L-3[arb],345
[pH],pH [pH Units],PH_UnitsOfMeasure_UCUM_Expression,,7/1/2004,pH,Active,pH Units,8/24/2005,pH,[pH],346
